zip_code,State,county_name,home_value
90011,CA,Los Angeles County,602357.175498667
90650,CA,Los Angeles County,765319.9534265143
91331,CA,Los Angeles County,746908.7059688467
90044,CA,Los Angeles County,649172.5472427184
92336,CA,San Bernardino County,708488.5482079786
94565,CA,Contra Costa County,568819.917000181
92335,CA,San Bernardino County,568640.0636620087
90201,CA,Los Angeles County,692520.4727701754
90250,CA,Los Angeles County,881547.6404420314
90805,CA,Los Angeles County,715228.700110517
93307,CA,Kern County,318704.30332996906
90280,CA,Los Angeles County,698677.9890189696
91342,CA,Los Angeles County,809923.8651174136
92683,CA,Orange County,1098468.443252763
92503,CA,Riverside County,638996.9989563841
92345,CA,San Bernardino County,446484.19403394073
91911,CA,San Diego County,771343.3008816871
93033,CA,Ventura County,707186.9717137249
95076,CA,Santa Cruz County,842113.1433405653
92154,CA,San Diego County,741656.2241639361
92376,CA,San Bernardino County,568627.0688171247
92804,CA,Orange County,941973.0184240186
91710,CA,San Bernardino County,773693.7633190459
93722,CA,Fresno County,400364.48085084814
94112,CA,San Francisco County,1138143.9622546493
95823,CA,Sacramento County,428015.365963074
95035,CA,Santa Clara County,1487703.7493013267
91744,CA,Los Angeles County,743661.0510993745
92509,CA,Riverside County,637594.1519173026
93257,CA,Tulare County,328466.59103347006
93550,CA,Los Angeles County,451159.4358136838
92592,CA,Riverside County,775446.1042951642
95630,CA,Sacramento County,767870.0819241466
92880,CA,Riverside County,954586.8424462834
94544,CA,Alameda County,839519.6093694833
90706,CA,Los Angeles County,806238.272536337
93535,CA,Los Angeles County,429831.190380001
92704,CA,Orange County,892992.823213411
93274,CA,Tulare County,356153.52925725427
91335,CA,Los Angeles County,806018.562584573
94533,CA,Solano County,538303.3482887776
93536,CA,Los Angeles County,540020.9400417061
91709,CA,San Bernardino County,998905.3498328618
91910,CA,San Diego County,836880.8980362597
94513,CA,Contra Costa County,802462.0311733034
93727,CA,Fresno County,431709.42692058097
91706,CA,Los Angeles County,722748.6175941742
90003,CA,Los Angeles County,607194.401805317
92126,CA,San Diego County,1006657.9781129508
92553,CA,Riverside County,519788.4823456277
93306,CA,Kern County,349460.28207821335
93230,CA,Kings County,382456.2392929062
95747,CA,Placer County,670901.5267101385
94536,CA,Alameda County,1463283.297472331
92563,CA,Riverside County,696062.1896978695
90255,CA,Los Angeles County,674049.6606444066
92105,CA,San Diego County,693871.7238589929
92021,CA,San Diego County,773401.1302986867
91730,CA,San Bernardino County,680188.812058654
94110,CA,San Francisco County,1349590.8425150728
94509,CA,Contra Costa County,540119.195853484
93065,CA,Ventura County,843654.7724614505
95687,CA,Solano County,581436.6990286618
92882,CA,Riverside County,785944.4696110674
94558,CA,Napa County,913913.5766030968
94538,CA,Alameda County,1342015.899661599
91766,CA,Los Angeles County,688391.2305981468
92805,CA,Orange County,861100.5082956479
90631,CA,Orange County,941713.3730539076
90026,CA,Los Angeles County,1188465.066844561
94587,CA,Alameda County,1265023.007357808
92801,CA,Orange County,864765.6467695987
95624,CA,Sacramento County,640186.2074999275
91402,CA,Los Angeles County,708597.0391168607
95123,CA,Santa Clara County,1396785.9077833246
92114,CA,San Diego County,746124.1478632767
94541,CA,Alameda County,785828.3188996358
90262,CA,Los Angeles County,689600.734469404
90037,CA,Los Angeles County,667930.7622412378
92407,CA,San Bernardino County,543579.7941305909
93906,CA,Monterey County,712532.0957989763
94080,CA,San Mateo County,1235840.0661614882
92703,CA,Orange County,825597.8265172197
95020,CA,Santa Clara County,1076207.07312661
92404,CA,San Bernardino County,484580.3237881162
90022,CA,Los Angeles County,682109.1843873914
91761,CA,San Bernardino County,692099.3908133754
91977,CA,San Diego County,766182.8990708948
92677,CA,Orange County,1499599.0613418731
92630,CA,Orange County,1204258.5862060054
95758,CA,Sacramento County,577513.1046109187
92346,CA,San Bernardino County,561809.1091850637
90731,CA,Los Angeles County,829872.9897163253
95206,CA,San Joaquin County,420410.7952840653
95608,CA,Sacramento County,574495.0404461148
91343,CA,Los Angeles County,889935.0881607756
92201,CA,Riverside County,471586.84972256445
92562,CA,Riverside County,690264.2755258194
94806,CA,Contra Costa County,579789.6517006414
92392,CA,San Bernardino County,451083.8878174851
92627,CA,Orange County,1378739.1130422875
94015,CA,San Mateo County,1187049.5814236624
93309,CA,Kern County,348053.08408886427
90001,CA,Los Angeles County,593881.1942944229
90640,CA,Los Angeles County,827914.1459401582
92020,CA,San Diego County,842711.5270120917
93905,CA,Monterey County,667697.3432317252
94501,CA,Alameda County,1151435.9181915915
95127,CA,Santa Clara County,1119901.982853086
90660,CA,Los Angeles County,753254.542004933
95014,CA,Santa Clara County,3182391.867584387
92115,CA,San Diego County,870874.7528577098
95828,CA,Sacramento County,456124.8906232289
93313,CA,Kern County,416304.73630108545
92571,CA,Riverside County,530446.8802649592
90019,CA,Los Angeles County,1243555.1057513943
91702,CA,Los Angeles County,715161.0792747621
92324,CA,San Bernardino County,500853.35086052475
93291,CA,Tulare County,428240.6480586224
95051,CA,Santa Clara County,1932904.8245317556
92647,CA,Orange County,1249305.4679527904
94568,CA,Alameda County,1298363.2358308395
92530,CA,Riverside County,565461.9706031908
95111,CA,Santa Clara County,1077317.2752189692
94122,CA,San Francisco County,1634385.5314262602
95355,CA,Stanislaus County,491591.83364317234
92071,CA,San Diego County,807791.3986721874
90004,CA,Los Angeles County,1450674.51456163
94087,CA,Santa Clara County,2898234.5551654864
92027,CA,San Diego County,777387.0344233386
91770,CA,Los Angeles County,916261.8441220332
92570,CA,Riverside County,581085.7672594473
90042,CA,Los Angeles County,1015295.7485113275
92507,CA,Riverside County,610384.7962435122
92584,CA,Riverside County,631563.0780569651
93436,CA,Santa Barbara County,588314.1820759828
91732,CA,Los Angeles County,766042.6582500587
92780,CA,Orange County,1141197.6074298392
95670,CA,Sacramento County,488577.4232208717
91950,CA,San Diego County,697054.6195952017
95112,CA,Santa Clara County,1024493.138026447
94591,CA,Solano County,591387.4765494695
92223,CA,Riverside County,537887.4994341529
92708,CA,Orange County,1388331.1987301894
90006,CA,Los Angeles County,757348.2180237757
92620,CA,Orange County,1726820.1740399264
92130,CA,San Diego County,2121589.954626705
93030,CA,Ventura County,780828.499083175
92707,CA,Orange County,831960.5539130805
90066,CA,Los Angeles County,1740801.303636219
91764,CA,San Bernardino County,633774.98788008
95125,CA,Santa Clara County,1916050.5597801737
93458,CA,Santa Barbara County,607112.4775738595
92504,CA,Riverside County,604314.3100835558
93215,CA,Kern County,333850.6574879309
93063,CA,Ventura County,836646.1417413218
90813,CA,Los Angeles County,588877.3604724951
90744,CA,Los Angeles County,684715.9952832762
95023,CA,San Benito County,761922.9928990776
94109,CA,San Francisco County,1022825.9089339498
92129,CA,San Diego County,1384637.126630948
91786,CA,San Bernardino County,724294.3425442418
91762,CA,San Bernardino County,684989.6922306839
92056,CA,San Diego County,876164.2075605295
91406,CA,Los Angeles County,860259.4980348832
95648,CA,Placer County,646626.4091078122
95376,CA,San Joaquin County,598407.0318706558
92544,CA,Riverside County,462033.1632873825
92057,CA,San Diego County,817765.5868225697
93551,CA,Los Angeles County,593902.2153150778
90745,CA,Los Angeles County,767173.08060409
92646,CA,Orange County,1395359.0399962885
91913,CA,San Diego County,916098.59833294
91344,CA,Los Angeles County,1007284.6318127384
90002,CA,Los Angeles County,594950.6855428707
92618,CA,Orange County,1602994.5550594523
93117,CA,Santa Barbara County,1398091.1060903647
93312,CA,Kern County,458867.13049718615
95122,CA,Santa Clara County,1001672.8613205953
95350,CA,Stanislaus County,429525.24135041813
92840,CA,Orange County,986143.3366805118
93277,CA,Tulare County,374865.7516919074
91745,CA,Los Angeles County,965997.2772667328
92399,CA,San Bernardino County,574844.7853049708
93003,CA,Ventura County,908170.5486307186
92557,CA,Riverside County,569305.3569560748
91304,CA,Los Angeles County,939272.293398419
92243,CA,Imperial County,386685.73647380294
91801,CA,Los Angeles County,909457.286219186
93308,CA,Kern County,348314.4812010319
94539,CA,Alameda County,2257200.351927473
91405,CA,Los Angeles County,829786.188611441
90221,CA,Los Angeles County,643541.5316535407
90047,CA,Los Angeles County,692851.3746488261
92117,CA,San Diego County,1106525.3959964418
90723,CA,Los Angeles County,652760.4084095779
91605,CA,Los Angeles County,870030.8986730934
90063,CA,Los Angeles County,675448.3635551207
92870,CA,Orange County,1114240.032997761
95207,CA,San Joaquin County,408782.868203636
92833,CA,Orange County,993490.964159504
92656,CA,Orange County,1002236.0756799452
92505,CA,Riverside County,636779.263485394
92626,CA,Orange County,1440374.149174543
92024,CA,San Diego County,1890148.3481101585
94601,CA,Alameda County,551981.0645933117
95037,CA,Santa Clara County,1358138.839468693
90034,CA,Los Angeles County,1454104.840202814
94550,CA,Alameda County,1250692.427924281
95757,CA,Sacramento County,701369.0219416237
95116,CA,Santa Clara County,948443.0986216564
95616,CA,Yolo County,857241.9462516153
95124,CA,Santa Clara County,2005760.3667340225
92705,CA,Orange County,1600240.319037222
92701,CA,Orange County,696923.744547453
95351,CA,Stanislaus County,381130.96173687186
93638,CA,Madera County,362994.21404515527
92113,CA,San Diego County,656593.7012792832
90018,CA,Los Angeles County,841708.1967844344
92028,CA,San Diego County,890787.5951355606
94577,CA,Alameda County,811255.9677246964
90630,CA,Orange County,1082851.9470341122
92025,CA,San Diego County,850190.9002353884
92026,CA,San Diego County,836276.0860069975
92084,CA,San Diego County,914331.2869282998
92879,CA,Riverside County,696166.7679038944
91767,CA,Los Angeles County,697848.8501922205
92111,CA,San Diego County,969403.6318528876
93720,CA,Fresno County,497157.6496060428
92843,CA,Orange County,979077.5600078708
92886,CA,Orange County,1378870.399107962
92127,CA,San Diego County,1655380.191795105
92078,CA,San Diego County,1029709.1273937508
90703,CA,Los Angeles County,1095734.0875090088
92234,CA,Riverside County,485049.2730695288
90620,CA,Orange County,950261.9419115988
92064,CA,San Diego County,1240796.927258745
95240,CA,San Joaquin County,471691.7561961352
90046,CA,Los Angeles County,1478057.8400677198
92691,CA,Orange County,1232222.530295978
93311,CA,Kern County,474540.97133519134
93304,CA,Kern County,295347.4142576615
95136,CA,Santa Clara County,1402631.3248329607
94086,CA,Santa Clara County,1959743.1946456935
95336,CA,San Joaquin County,529475.6955407226
95148,CA,Santa Clara County,1573107.5609447155
90638,CA,Los Angeles County,890775.5237327152
92128,CA,San Diego County,1015405.4337636004
91306,CA,Los Angeles County,837033.8279756396
93619,CA,Fresno County,610761.1764848205
90220,CA,Los Angeles County,640525.1458700047
94560,CA,Alameda County,1253153.8282265917
94014,CA,San Mateo County,1011110.0153145256
92009,CA,San Diego County,1598085.8575588716
94546,CA,Alameda County,1039786.3865819966
95843,CA,Sacramento County,505361.2538626371
94553,CA,Contra Costa County,773998.0787543053
92374,CA,San Bernardino County,585321.2290672419
95060,CA,Santa Cruz County,1389865.2111000922
95008,CA,Santa Clara County,1945256.9266044032
92104,CA,San Diego County,964656.0799448777
94551,CA,Alameda County,1015799.3758373474
92122,CA,San Diego County,1102514.2674453636
90065,CA,Los Angeles County,1115368.4801663847
92692,CA,Orange County,1228786.088171649
94605,CA,Alameda County,665060.9843574566
90023,CA,Los Angeles County,642944.4837710821
90057,CA,Los Angeles County,562661.0855993574
93036,CA,Ventura County,793015.5261474065
94303,CA,San Mateo County,2140422.1538703837
95678,CA,Placer County,547614.2383719132
92410,CA,San Bernardino County,442793.6574924085
95822,CA,Sacramento County,437546.41135937977
90033,CA,Los Angeles County,667752.7661739787
91789,CA,Los Angeles County,1154650.8241043717
95610,CA,Sacramento County,511282.1358555064
92069,CA,San Diego County,907545.6597838956
92395,CA,San Bernardino County,414101.53785779414
91352,CA,Los Angeles County,816160.0735392178
93635,CA,Merced County,463419.2631790683
90027,CA,Los Angeles County,1817875.057973296
92821,CA,Orange County,1112587.1227195093
91790,CA,Los Angeles County,840559.5171328922
93292,CA,Tulare County,401420.9369186422
92648,CA,Orange County,1553153.6207409494
93455,CA,Santa Barbara County,716373.884352296
92040,CA,San Diego County,819280.7522473087
92109,CA,San Diego County,1500885.2267685102
95307,CA,Stanislaus County,455460.8781343038
90032,CA,Los Angeles County,808918.4820855893
93010,CA,Ventura County,921594.7301383726
93611,CA,Fresno County,498334.6294746893
92555,CA,Riverside County,615821.5500887377
93446,CA,San Luis Obispo County,773623.1645883629
90247,CA,Los Angeles County,756470.1791030584
95403,CA,Sonoma County,730080.6764579032
90242,CA,Los Angeles County,826677.7283589389
93454,CA,Santa Barbara County,628855.2872678494
93702,CA,Fresno County,256441.763091911
95210,CA,San Joaquin County,394283.9195067249
92019,CA,San Diego County,878757.4344094096
90025,CA,Los Angeles County,1083425.319291659
91320,CA,Ventura County,1029099.698461119
91367,CA,Los Angeles County,1128294.6573186724
93726,CA,Fresno County,330027.62973283674
90043,CA,Los Angeles County,833114.2875552451
94582,CA,Contra Costa County,1766708.2910098035
94403,CA,San Mateo County,1835098.0488647532
93534,CA,Los Angeles County,417050.6015990441
95762,CA,El Dorado County,920376.2382418878
90241,CA,Los Angeles County,932177.85202537
94901,CA,Marin County,1427459.7215813256
94804,CA,Contra Costa County,577529.9909785683
92506,CA,Riverside County,705953.9437399203
90016,CA,Los Angeles County,944420.1629104835
95831,CA,Sacramento County,635892.0788591673
95209,CA,San Joaquin County,489034.9094091844
90503,CA,Los Angeles County,1307122.5534622262
95380,CA,Stanislaus County,447674.3990937547
92101,CA,San Diego County,734029.4825681237
95407,CA,Sonoma County,635493.5314355544
95337,CA,San Joaquin County,648372.9365583573
91733,CA,Los Angeles County,762701.9278468828
94025,CA,San Mateo County,2902646.8285920895
96003,CA,Shasta County,405766.7577700822
94066,CA,San Mateo County,1310825.2547053872
91748,CA,Los Angeles County,967941.6285611576
94116,CA,San Francisco County,1574856.4273219963
92688,CA,Orange County,1029956.2144093273
94010,CA,San Mateo County,3465868.7884344608
91765,CA,Los Angeles County,1039210.3277103478
90024,CA,Los Angeles County,1357573.511635893
95404,CA,Sonoma County,821783.4484539066
95991,CA,Sutter County,406315.0187593063
92102,CA,San Diego County,742868.6499715891
92308,CA,San Bernardino County,413554.2958948564
95628,CA,Sacramento County,620478.5901491136
95050,CA,Santa Clara County,1660321.978340268
91311,CA,Los Angeles County,946140.2924962525
90007,CA,Los Angeles County,900870.502815485
94117,CA,San Francisco County,1589530.570367771
92545,CA,Riverside County,450763.1525312195
91360,CA,Ventura County,1024750.7684336914
90806,CA,Los Angeles County,793285.186505504
90815,CA,Los Angeles County,1050269.8171209467
90059,CA,Los Angeles County,616395.7744430095
95826,CA,Sacramento County,473079.9478627625
90501,CA,Los Angeles County,998967.3176483448
94566,CA,Alameda County,1741683.8015767436
92867,CA,Orange County,1248567.55062817
92236,CA,Riverside County,431875.5221404694
93552,CA,Los Angeles County,498505.9932815362
90278,CA,Los Angeles County,1419174.2940801706
95205,CA,San Joaquin County,328322.5046145564
95926,CA,Butte County,436999.67475417955
94118,CA,San Francisco County,2097676.826511113
94521,CA,Contra Costa County,793332.7725477787
90605,CA,Los Angeles County,798613.1830477184
90275,CA,Los Angeles County,1836517.882693017
94611,CA,Alameda County,1405057.83940091
91016,CA,Los Angeles County,992771.2613969268
91942,CA,San Diego County,820788.8210856094
92802,CA,Orange County,960686.9500605584
91401,CA,Los Angeles County,1124335.23273573
94531,CA,Contra Costa County,668130.934039506
92591,CA,Riverside County,748100.9789676951
95132,CA,Santa Clara County,1679342.527565655
94561,CA,Contra Costa County,665613.689052063
94583,CA,Contra Costa County,1414724.321590974
94121,CA,San Francisco County,1738109.48948905
91606,CA,Los Angeles County,885038.0722701801
91387,CA,Los Angeles County,813096.2374093039
93637,CA,Madera County,404708.7065951852
92307,CA,San Bernardino County,455925.8900399403
95973,CA,Butte County,502825.70656216657
92596,CA,Riverside County,660681.586480989
95765,CA,Placer County,725702.2740850208
91350,CA,Los Angeles County,819259.4559526664
90810,CA,Los Angeles County,715311.3542783968
95621,CA,Sacramento County,452371.04836009577
95691,CA,Yolo County,564199.9070988573
90604,CA,Los Angeles County,834607.7818926607
95838,CA,Sacramento County,397794.44504066993
95120,CA,Santa Clara County,2311979.3038122584
95129,CA,Santa Clara County,2721587.6711329515
92806,CA,Orange County,1005596.4277566882
95695,CA,Yolo County,520858.1319984515
95835,CA,Sacramento County,575162.680570629
91739,CA,San Bernardino County,981419.3734989648
95833,CA,Sacramento County,458931.08998846245
91701,CA,San Bernardino County,842701.8354075303
93706,CA,Fresno County,287983.6725919509
90045,CA,Los Angeles County,1517996.7417370032
90808,CA,Los Angeles County,1040666.1088447968
94134,CA,San Francisco County,1071723.3857592186
94588,CA,Alameda County,1442458.8797506178
95688,CA,Solano County,663723.8340827691
90301,CA,Los Angeles County,689184.5997586274
91355,CA,Los Angeles County,794258.9184367071
93711,CA,Fresno County,514571.1934329464
94520,CA,Contra Costa County,609862.0507077345
91763,CA,San Bernardino County,663531.5929413796
92807,CA,Orange County,1156071.265654012
92675,CA,Orange County,1344627.665543831
91321,CA,Los Angeles County,700169.1853789752
95928,CA,Butte County,463449.34777585085
94928,CA,Sonoma County,715625.6044554076
90802,CA,Los Angeles County,494564.3892869621
95301,CA,Merced County,422841.7584781742
93612,CA,Fresno County,377684.7902457691
94621,CA,Alameda County,450082.8447776243
92240,CA,Riverside County,378106.3405854536
91776,CA,Los Angeles County,990121.2983586924
94954,CA,Sonoma County,838005.0284113568
93314,CA,Kern County,576260.919225695
94578,CA,Alameda County,789506.2897272162
93021,CA,Ventura County,945379.7781353988
92394,CA,San Bernardino County,430981.0630555462
93012,CA,Ventura County,921694.0900535616
90505,CA,Los Angeles County,1434961.2713040684
93305,CA,Kern County,267806.67650652933
92054,CA,San Diego County,1119545.2983094754
92337,CA,San Bernardino County,613484.8682562269
95401,CA,Sonoma County,655806.308601394
95821,CA,Sacramento County,498471.74030705943
95993,CA,Sutter County,478277.8783654103
90804,CA,Los Angeles County,700264.6107359175
90012,CA,Los Angeles County,602362.4474063222
95382,CA,Stanislaus County,515410.4956454571
92679,CA,Orange County,1605682.0189311076
90036,CA,Los Angeles County,1867462.566632517
93705,CA,Fresno County,319522.5961846718
94606,CA,Alameda County,612658.6397793625
93245,CA,Kings County,384366.9487310459
92037,CA,San Diego County,2380586.518054353
92065,CA,San Diego County,816503.6210033669
92831,CA,Orange County,1061125.81283711
90031,CA,Los Angeles County,814520.7026749732
91362,CA,Ventura County,1209266.2133496592
91711,CA,Los Angeles County,1036973.0900691767
93657,CA,Fresno County,412181.1664387612
94590,CA,Solano County,458003.1110037637
94061,CA,San Mateo County,1991109.6875650976
92649,CA,Orange County,1383582.426883079
94534,CA,Solano County,700548.6184218094
92253,CA,Riverside County,748659.0191807192
95667,CA,El Dorado County,533693.3187353184
92508,CA,Riverside County,768172.2516164867
92672,CA,Orange County,1726575.6968356315
92583,CA,Riverside County,452128.17962477537
92841,CA,Orange County,1026452.295547084
92131,CA,San Diego County,1513581.803354813
95820,CA,Sacramento County,405119.9894849597
94124,CA,San Francisco County,917214.78967372
92083,CA,San Diego County,792703.2810607143
91104,CA,Los Angeles County,1236091.9946371394
94952,CA,Sonoma County,1075323.9502677824
90277,CA,Los Angeles County,1660190.2228841418
95901,CA,Yuba County,391861.6709354804
94555,CA,Alameda County,1534962.450252122
94040,CA,Santa Clara County,2914658.4709702465
92058,CA,San Diego County,782831.3956723982
91205,CA,Los Angeles County,875242.8941532454
91001,CA,Los Angeles County,1113772.4402376935
95121,CA,Santa Clara County,1273742.5925538335
90020,CA,Los Angeles County,687696.7248023074
92869,CA,Orange County,1211494.7970451275
95825,CA,Sacramento County,404387.4063266208
93405,CA,San Luis Obispo County,1095473.6068645867
95476,CA,Sonoma County,965638.1214603004
94044,CA,San Mateo County,1277292.9512904985
95062,CA,Santa Cruz County,1329039.7133709977
91325,CA,Los Angeles County,1042130.2140162408
92231,CA,Imperial County,392820.3290869038
95128,CA,Santa Clara County,1495786.9032826542
95340,CA,Merced County,405366.8639686635
93060,CA,Ventura County,714119.4526934711
95842,CA,Sacramento County,423641.75012441754
92543,CA,Riverside County,382501.69541521947
93710,CA,Fresno County,400489.0478979258
90266,CA,Los Angeles County,3260372.905078262
90621,CA,Orange County,898353.0869018431
90049,CA,Los Angeles County,3032602.3732106052
91752,CA,Riverside County,827390.7287367997
91601,CA,Los Angeles County,921674.5704602016
91326,CA,Los Angeles County,1241296.0735808518
92139,CA,San Diego County,738887.6516612131
92551,CA,Riverside County,533530.9957477603
91780,CA,Los Angeles County,1107047.5767115385
95660,CA,Sacramento County,387340.5596269519
95341,CA,Merced County,363512.9230746473
94523,CA,Contra Costa County,1000456.8702401728
92660,CA,Orange County,3300580.570995785
92311,CA,San Bernardino County,264605.58462075633
94404,CA,San Mateo County,1763096.8239800497
90062,CA,Los Angeles County,698204.2751559807
92301,CA,San Bernardino County,397236.9980134142
94063,CA,San Mateo County,1296910.9080303758
90260,CA,Los Angeles County,817315.1949832236
91340,CA,Los Angeles County,740174.4482626856
96002,CA,Shasta County,380306.8320976104
91722,CA,Los Angeles County,766712.7279685905
94401,CA,San Mateo County,1223225.5088928954
94114,CA,San Francisco County,1911560.9726896803
92123,CA,San Diego County,970207.6359787164
92706,CA,Orange County,1037579.0284491924
95356,CA,Stanislaus County,525876.8937483514
91006,CA,Los Angeles County,1409179.2243307326
91915,CA,San Diego County,867741.1993252203
94545,CA,Alameda County,908318.197369498
90222,CA,Los Angeles County,620595.8539288269
96001,CA,Shasta County,386771.521414227
91754,CA,Los Angeles County,940589.4259773606
91768,CA,Los Angeles County,674607.1574029718
91941,CA,San Diego County,1036419.980162572
90230,CA,Los Angeles County,1098761.019979616
92595,CA,Riverside County,656370.2208023699
95482,CA,Mendocino County,486445.04780313914
93703,CA,Fresno County,297382.3527854237
95632,CA,Sacramento County,536189.3967545308
90008,CA,Los Angeles County,1078515.997195123
91773,CA,Los Angeles County,922577.5147004132
93955,CA,Monterey County,800567.1688123281
95361,CA,Stanislaus County,559641.892896791
90504,CA,Los Angeles County,1006801.6730124163
95126,CA,Santa Clara County,1218762.5778366446
95348,CA,Merced County,416630.44476911816
92373,CA,San Bernardino County,725570.9848521404
91107,CA,Los Angeles County,1339562.2510414696
91750,CA,Los Angeles County,952848.6366679802
91007,CA,Los Angeles County,1439479.8686131523
95377,CA,San Joaquin County,773240.1172761089
92103,CA,San Diego County,1091170.6991523397
94102,CA,San Francisco County,733210.2516761351
92220,CA,Riverside County,414306.3650578474
90601,CA,Los Angeles County,864924.9058362012
94801,CA,Contra Costa County,520108.1202521871
91791,CA,Los Angeles County,926307.94857088
90712,CA,Los Angeles County,880505.1181996493
94115,CA,San Francisco County,1460368.5188586991
95118,CA,Santa Clara County,1703613.2586419266
92883,CA,Riverside County,761820.962563489
90807,CA,Los Angeles County,969488.5102618722
93420,CA,San Luis Obispo County,1043166.7067959304
95661,CA,Placer County,698443.0949654344
93555,CA,Kern County,268088.2902488425
94608,CA,Alameda County,616888.6829022
95358,CA,Stanislaus County,435491.9025509628
94941,CA,Marin County,2139388.198394136
90029,CA,Los Angeles County,978884.3112063708
93618,CA,Tulare County,358152.7361805667
95219,CA,San Joaquin County,557447.2265334515
95662,CA,Sacramento County,562198.6169697797
94602,CA,Alameda County,999149.7758129272
91505,CA,Los Angeles County,1135306.8517929672
94103,CA,San Francisco County,802666.1182720243
92881,CA,Riverside County,868067.9650844132
91351,CA,Los Angeles County,720797.5950640962
93654,CA,Fresno County,386371.5590061612
92203,CA,Riverside County,564801.870979995
95131,CA,Santa Clara County,1375243.817337759
92612,CA,Orange County,1215838.3795485257
95834,CA,Sacramento County,528369.7604098798
94610,CA,Alameda County,1206898.3674124386
93001,CA,Ventura County,987678.8419277524
94603,CA,Alameda County,510220.8608460366
90606,CA,Los Angeles County,777067.943475618
92260,CA,Riverside County,588170.5283138284
91214,CA,Los Angeles County,1259444.9644889042
91423,CA,Los Angeles County,1469373.0372532953
93940,CA,Monterey County,1154285.2529417693
95242,CA,San Joaquin County,576497.5947828492
91607,CA,Los Angeles County,1256766.2459616044
96080,CA,Tehama County,319150.21033887495
92602,CA,Orange County,2058967.2518102229
93422,CA,San Luis Obispo County,785245.9379804336
95070,CA,Santa Clara County,4196446.062702202
91724,CA,Los Angeles County,884745.0499153227
91206,CA,Los Angeles County,1138872.062162439
91604,CA,Los Angeles County,1725108.21214142
94526,CA,Contra Costa County,1795866.31420876
90803,CA,Los Angeles County,1338652.7349414297
93101,CA,Santa Barbara County,1472563.0988608424
91792,CA,Los Angeles County,819582.6576508322
94131,CA,San Francisco County,1675511.8294751726
91324,CA,Los Angeles County,943306.2827516248
92673,CA,Orange County,1755824.6335146502
95682,CA,El Dorado County,668591.6807481799
95961,CA,Yuba County,450771.8969339885
92604,CA,Orange County,1416429.3264221568
95824,CA,Sacramento County,367512.5194969381
92124,CA,San Diego County,1080015.5265130752
91303,CA,Los Angeles County,752562.1669761335
91731,CA,Los Angeles County,774852.4440492044
90005,CA,Los Angeles County,894444.8325248426
93561,CA,Kern County,424753.85295263346
94580,CA,Alameda County,821284.0328474431
92405,CA,San Bernardino County,456607.23584734416
94132,CA,San Francisco County,1361249.973715855
94589,CA,Solano County,505196.4305672299
95204,CA,San Joaquin County,382555.13599489786
94043,CA,Santa Clara County,1599616.0086669724
90061,CA,Los Angeles County,639490.7664406558
93662,CA,Fresno County,363557.21192655974
92110,CA,San Diego County,1018698.577231972
94070,CA,San Mateo County,2474297.5450976123
92107,CA,San Diego County,1517666.817460293
92116,CA,San Diego County,1012603.6033129952
93725,CA,Fresno County,357299.91103807604
90028,CA,Los Angeles County,868060.8515932577
91356,CA,Los Angeles County,1370008.6929511514
91354,CA,Los Angeles County,846956.576180874
94598,CA,Contra Costa County,1421400.844284336
92316,CA,San Bernardino County,567295.6684537205
93105,CA,Santa Barbara County,1918227.6696201088
92227,CA,Imperial County,362887.2539319119
95829,CA,Sacramento County,595664.1919086648
94107,CA,San Francisco County,1002906.7161619734
92653,CA,Orange County,1287687.5325903308
94062,CA,San Mateo County,2713312.5813094643
91803,CA,Los Angeles County,964016.058828305
93401,CA,San Luis Obispo County,1106136.0495850537
95966,CA,Butte County,311951.93578295945
95212,CA,San Joaquin County,549283.5804377556
95134,CA,Santa Clara County,1097587.468343004
90041,CA,Los Angeles County,1293432.4977848905
92173,CA,San Diego County,693599.9224543237
96150,CA,El Dorado County,665904.7136895115
91316,CA,Los Angeles County,978658.9616180948
90713,CA,Los Angeles County,911968.900298254
94549,CA,Contra Costa County,1962151.9881459747
90302,CA,Los Angeles County,693376.0891082514
95032,CA,Santa Clara County,2648628.6095591527
92008,CA,San Diego County,1200791.8199866363
95603,CA,Placer County,619304.8402331318
94903,CA,Marin County,1269125.9695730817
93280,CA,Kern County,316068.24088088225
95117,CA,Santa Clara County,1822713.5812778997
94002,CA,San Mateo County,2364910.8397170436
95815,CA,Sacramento County,356920.60094258137
93004,CA,Ventura County,872455.2680875612
92081,CA,San Diego County,932732.7651283764
90039,CA,Los Angeles County,1379946.4095703575
90710,CA,Los Angeles County,849937.3235684171
95472,CA,Sonoma County,1102116.211385591
92262,CA,Riverside County,649057.7245019847
91746,CA,Los Angeles County,763399.0662399795
95133,CA,Santa Clara County,1164669.9020564586
92120,CA,San Diego County,1055271.815738419
93901,CA,Monterey County,781195.2927628421
92835,CA,Orange County,1315861.377282207
94585,CA,Solano County,533177.0237732973
92614,CA,Orange County,1247338.4374992086
94306,CA,Santa Clara County,3450948.85921043
94704,CA,Alameda County,1151180.3370709028
94607,CA,Alameda County,529896.7375491132
94518,CA,Contra Costa County,866281.0787057262
90405,CA,Los Angeles County,1946823.3275341932
95363,CA,Stanislaus County,510874.33097091527
90304,CA,Los Angeles County,754002.5879141743
91945,CA,San Diego County,763223.2208931908
90038,CA,Los Angeles County,1049685.3955435564
91740,CA,Los Angeles County,818449.9656899587
94402,CA,San Mateo County,2478818.9825211526
95492,CA,Sonoma County,808275.1741361403
92868,CA,Orange County,912279.3832436672
90680,CA,Orange County,790400.8604212602
93035,CA,Ventura County,908127.373483896
92629,CA,Orange County,1757291.4229705408
91010,CA,Los Angeles County,785084.3171410711
90017,CA,Los Angeles County,581628.8969874367
91755,CA,Los Angeles County,920506.7629101352
95370,CA,Tuolumne County,407975.759172291
91030,CA,Los Angeles County,1713243.8589530631
93704,CA,Fresno County,381680.28934236086
91741,CA,Los Angeles County,1019474.3491889164
90035,CA,Los Angeles County,1630644.1715855636
95776,CA,Yolo County,602858.3512366237
91103,CA,Los Angeles County,1089191.4057551872
91302,CA,Los Angeles County,1979941.199818492
91042,CA,Los Angeles County,904899.1077959706
94506,CA,Contra Costa County,2091781.6787460232
90064,CA,Los Angeles County,1875786.3157424545
92782,CA,Orange County,1349454.3167024052
92694,CA,Orange County,1282997.3897345702
94547,CA,Contra Costa County,746975.6024652207
92411,CA,San Bernardino County,428129.02094142983
94530,CA,Contra Costa County,1141717.983271523
91932,CA,San Diego County,844894.9244369284
91364,CA,Los Angeles County,1321311.6835115384
94559,CA,Napa County,814986.2842462901
91784,CA,San Bernardino County,983655.2740397516
95330,CA,San Joaquin County,647374.2386386403
92860,CA,Riverside County,923861.0282502888
92606,CA,Orange County,1508850.5966683263
91504,CA,Los Angeles County,1237506.8346619343
90746,CA,Los Angeles County,832698.430208567
94619,CA,Alameda County,843413.0939164069
90249,CA,Los Angeles County,810112.746470951
92284,CA,San Bernardino County,357757.36265735986
90291,CA,Los Angeles County,1908122.7143979275
95354,CA,Stanislaus County,400198.44196972105
90274,CA,Los Angeles County,2556115.9810576756
92585,CA,Riverside County,600243.1582946153
94947,CA,Marin County,1017902.287541274
93960,CA,Monterey County,635307.381416617
95864,CA,Sacramento County,752328.1946798578
95945,CA,Nevada County,479883.9298137368
95618,CA,Yolo County,843198.5210493162
94133,CA,San Francisco County,1370623.5052949584
94510,CA,Solano County,786760.0571511692
91301,CA,Los Angeles County,1251211.822226478
95003,CA,Santa Cruz County,1355348.230426225
90740,CA,Orange County,795343.5403616814
92832,CA,Orange County,892883.7155557693
90270,CA,Los Angeles County,651884.4768976881
92371,CA,San Bernardino County,467176.7787383156
90015,CA,Los Angeles County,615078.2061700613
91307,CA,Los Angeles County,1008732.366185184
90240,CA,Los Angeles County,946321.726343533
92119,CA,San Diego County,995582.5265621168
90602,CA,Los Angeles County,853674.0632256592
91384,CA,Los Angeles County,805865.2254256834
94089,CA,Santa Clara County,1489946.934970973
91403,CA,Los Angeles County,1493038.2017848643
90303,CA,Los Angeles County,782181.4214447212
95677,CA,Placer County,659037.2245795708
94803,CA,Contra Costa County,735059.5180492313
91411,CA,Los Angeles County,992513.0256470952
96007,CA,Shasta County,343004.999767153
95215,CA,San Joaquin County,440676.84982258035
95054,CA,Santa Clara County,1538748.8073952785
93212,CA,Kings County,267691.5878882942
94123,CA,San Francisco County,2351631.7687361683
91390,CA,Los Angeles County,928135.6779871192
95503,CA,Humboldt County,430506.6033860243
92211,CA,Riverside County,531049.662381851
91775,CA,Los Angeles County,1285713.2307291245
94609,CA,Alameda County,956499.9920993582
95531,CA,Del Norte County,361747.41262574465
95620,CA,Solano County,609646.5773163362
92651,CA,Orange County,3078455.1334889657
95409,CA,Sonoma County,785253.0572220334
92011,CA,San Diego County,1401128.1414751094
92277,CA,San Bernardino County,248202.534690644
93907,CA,Monterey County,833021.613892309
95949,CA,Nevada County,544292.7872553194
90404,CA,Los Angeles County,1064605.6398175966
94030,CA,San Mateo County,2067126.7835949436
92377,CA,San Bernardino County,646298.0136199599
94085,CA,Santa Clara County,1583347.5168160584
94024,CA,Santa Clara County,4704359.818317366
90292,CA,Los Angeles County,1238285.7032741343
91106,CA,Los Angeles County,928892.4156444208
95405,CA,Sonoma County,742246.1264583337
91737,CA,San Bernardino County,956187.9729791888
95501,CA,Humboldt County,392043.18777132453
92844,CA,Orange County,944700.5177692376
94503,CA,Napa County,746493.0284817815
90403,CA,Los Angeles County,1487193.844366995
91201,CA,Los Angeles County,1313818.0692102015
93610,CA,Madera County,391174.0786959396
90720,CA,Orange County,1572334.016122203
95746,CA,Placer County,1166824.5904737627
93933,CA,Monterey County,878268.001593666
94519,CA,Contra Costa County,720297.6505173477
90717,CA,Los Angeles County,922830.982699079
95818,CA,Sacramento County,718277.4977621301
95391,CA,San Joaquin County,928663.225845891
95827,CA,Sacramento County,475623.8536046239
94597,CA,Contra Costa County,1001598.1603772218
93560,CA,Kern County,409830.2568086351
90272,CA,Los Angeles County,2942473.1216383823
94596,CA,Contra Costa County,1103526.6336000788
95521,CA,Humboldt County,488555.7864199648
91040,CA,Los Angeles County,927236.2619156596
95965,CA,Butte County,306496.3662746627
95135,CA,Santa Clara County,1788082.9418230008
91011,CA,Los Angeles County,2497703.004198452
92029,CA,San Diego County,1195962.7831728533
92532,CA,Riverside County,631315.3121907118
93203,CA,Kern County,299348.8432501903
92354,CA,San Bernardino County,644870.5313388705
93023,CA,Ventura County,1152474.938489552
93630,CA,Fresno County,413322.5456400628
92251,CA,Imperial County,440415.62700923026
92663,CA,Orange County,2703773.827013475
92082,CA,San Diego County,934807.373357269
92225,CA,Riverside County,220782.819958873
91202,CA,Los Angeles County,1239606.6784929542
95110,CA,Santa Clara County,844528.1375816251
92501,CA,Riverside County,564194.2392358395
93041,CA,Ventura County,630147.553382465
93263,CA,Kern County,381761.5673595817
94579,CA,Alameda County,864518.3532152828
92108,CA,San Diego County,605178.6218544713
90068,CA,Los Angeles County,1659929.8870592883
92887,CA,Orange County,1517648.0828277792
90069,CA,Los Angeles County,1260111.418701473
95841,CA,Sacramento County,433901.8626656821
94703,CA,Alameda County,1294407.971029347
92106,CA,San Diego County,1825355.1996069148
92865,CA,Orange County,1070726.84147864
90715,CA,Los Angeles County,827291.6191900391
95138,CA,Santa Clara County,1839454.9551560115
92344,CA,San Bernardino County,518307.85360495513
90732,CA,Los Angeles County,896061.2674356853
90603,CA,Los Angeles County,892065.0637251819
91101,CA,Los Angeles County,780643.0037791105
93908,CA,Monterey County,1180718.7872123544
95367,CA,Stanislaus County,486240.48681414913
93927,CA,Monterey County,552700.9534189849
92587,CA,Riverside County,642854.4969217881
93210,CA,Fresno County,293594.7747291824
90670,CA,Los Angeles County,783783.989884802
94552,CA,Alameda County,1406408.9913166228
94022,CA,Santa Clara County,5154203.721516581
91602,CA,Los Angeles County,1073098.7202750614
93444,CA,San Luis Obispo County,941614.6569847782
94564,CA,Contra Costa County,726086.0603047744
93015,CA,Ventura County,697897.7237734403
90254,CA,Los Angeles County,2263721.879825474
90048,CA,Los Angeles County,1784377.701800572
94127,CA,San Francisco County,1943926.3210520511
91902,CA,San Diego County,1151979.9322751798
92586,CA,Riverside County,418087.02153022174
92808,CA,Orange County,1219173.3606058846
94563,CA,Contra Costa County,2006336.7114008616
90265,CA,Los Angeles County,3240129.192174588
90210,CA,Los Angeles County,5242255.079812688
94706,CA,Alameda County,1271479.3010557566
92603,CA,Orange County,2386330.6130041243
90502,CA,Los Angeles County,740607.0246851951
96161,CA,Nevada County,1014603.1026445016
90814,CA,Los Angeles County,1006992.078781925
95304,CA,San Joaquin County,921788.9321850447
92264,CA,Riverside County,604121.0951687025
93103,CA,Santa Barbara County,1749279.3520332056
95959,CA,Nevada County,555036.9143929855
91506,CA,Los Angeles County,1229826.261096568
91901,CA,San Diego County,973231.6864893502
91501,CA,Los Angeles County,1254095.1369348897
95963,CA,Glenn County,395325.6809195254
91203,CA,Los Angeles County,791044.3596817604
95357,CA,Stanislaus County,509272.8134850384
95816,CA,Sacramento County,719975.825542802
91361,CA,Ventura County,1582819.543453612
91345,CA,Los Angeles County,831941.4772525731
95366,CA,San Joaquin County,689109.9315128957
94301,CA,Santa Clara County,4362311.094087103
95519,CA,Humboldt County,483109.28994900966
94949,CA,Marin County,1247695.065899429
91204,CA,Los Angeles County,766772.9589153897
92582,CA,Riverside County,516917.3121698813
95602,CA,Placer County,644847.8076989109
95819,CA,Sacramento County,758709.1391726626
92010,CA,San Diego County,1316540.9797186991
95673,CA,Sacramento County,453109.0988082283
94945,CA,Marin County,1090815.6480739485
93268,CA,Kern County,207045.21325757515
93111,CA,Santa Barbara County,1692180.9780575626
95334,CA,Merced County,427287.9637560062
91723,CA,Los Angeles County,809227.2765201704
94595,CA,Contra Costa County,697561.1275128416
92270,CA,Riverside County,845381.3487098821
94618,CA,Alameda County,1631257.189658244
90245,CA,Los Angeles County,1753335.4322369625
92637,CA,Orange County,469069.3500687601
93930,CA,Monterey County,524092.17161930696
96130,CA,Lassen County,235176.28611414647
95448,CA,Sonoma County,1111279.0097017277
91914,CA,San Diego County,1192123.222069986
93247,CA,Tulare County,311269.45657877094
91381,CA,Los Angeles County,971463.9712198084
93013,CA,Santa Barbara County,1512276.050129789
94019,CA,San Mateo County,1587616.620943633
93110,CA,Santa Barbara County,1927302.5907801304
94702,CA,Alameda County,1182679.392841708
93631,CA,Fresno County,481905.89258681145
92617,CA,Orange County,844119.8473601408
90701,CA,Los Angeles County,871376.1037102303
95650,CA,Placer County,941351.4384690598
93728,CA,Fresno County,303037.9142046862
94305,CA,Santa Clara County,3295414.993540786
95422,CA,Lake County,205745.16097065955
94041,CA,Santa Clara County,2278177.9050852885
95203,CA,San Joaquin County,350162.4475016966
94502,CA,Alameda County,1190235.905348408
90232,CA,Los Angeles County,1775091.6725881975
95742,CA,Sacramento County,625113.2280846125
91436,CA,Los Angeles County,2275988.6268468634
93250,CA,Kern County,310472.23253422073
96021,CA,Tehama County,295197.4944110166
95437,CA,Mendocino County,577322.4902152304
92845,CA,Orange County,1124107.3219930476
92866,CA,Orange County,1124991.1723560048
94960,CA,Marin County,1700113.635345047
94805,CA,Contra Costa County,702222.1959285839
94612,CA,Alameda County,540378.0968002648
92118,CA,San Diego County,2587691.321626757
93636,CA,Madera County,524197.42092385393
93648,CA,Fresno County,327914.5153921063
95388,CA,Merced County,362914.8214049242
93923,CA,Monterey County,2365253.078937599
93950,CA,Monterey County,1437452.2664155343
94542,CA,Alameda County,1264391.1429765427
93402,CA,San Luis Obispo County,878054.1163827186
91502,CA,Los Angeles County,816704.0540879103
91208,CA,Los Angeles County,1553309.1008379385
93221,CA,Tulare County,391119.74459019885
96022,CA,Tehama County,370079.8019113148
94556,CA,Contra Costa County,1668181.589563792
93723,CA,Fresno County,512455.9308491179
90623,CA,Orange County,1210241.3818752477
90248,CA,Los Angeles County,818331.2539100527
95066,CA,Santa Cruz County,1287037.1572593402
94705,CA,Alameda County,2007477.9517540336
95252,CA,Calaveras County,471546.1487569809
93514,CA,Inyo County,594230.5262647821
94105,CA,San Francisco County,1079017.706127545
95540,CA,Humboldt County,423880.7421698526
95490,CA,Mendocino County,353732.9636803663
91105,CA,Los Angeles County,1826518.6213344217
90716,CA,Los Angeles County,646472.5325014965
95817,CA,Sacramento County,477268.4178707958
95360,CA,Stanislaus County,438558.25130298425
90305,CA,Los Angeles County,820060.1278085407
95030,CA,Santa Clara County,3624771.077546712
95130,CA,Santa Clara County,2207725.849912385
94904,CA,Marin County,2276411.122079989
93241,CA,Kern County,248205.96303962663
93622,CA,Fresno County,337872.34740619775
93301,CA,Kern County,312403.59431522107
91377,CA,Ventura County,1153387.5962212388
95640,CA,Amador County,465920.11446689133
95832,CA,Sacramento County,422263.1071804802
95326,CA,Stanislaus County,554267.6562194023
95948,CA,Butte County,354156.817978838
93433,CA,San Luis Obispo County,774293.329563669
92274,CA,Riverside County,300675.8133623546
92014,CA,San Diego County,2892760.94555591
94517,CA,Contra Costa County,1056086.0056206286
91108,CA,Los Angeles County,2855242.6417617667
94108,CA,San Francisco County,1007904.1826956188
93204,CA,Kings County,255937.86097864923
95320,CA,San Joaquin County,602126.15041868
90013,CA,Los Angeles County,604553.1410822031
92567,CA,Riverside County,569570.0572546311
95605,CA,Yolo County,418258.8765623037
90293,CA,Los Angeles County,945182.0666978696
92625,CA,Orange County,4300959.5432285825
91207,CA,Los Angeles County,1756223.5573448197
92408,CA,San Bernardino County,479741.0942968914
95315,CA,Merced County,415984.7662077399
94920,CA,Marin County,3336032.252898198
94708,CA,Alameda County,1635194.281637285
95453,CA,Lake County,359595.23692661413
92313,CA,San Bernardino County,589159.9981317905
94707,CA,Alameda County,1786395.6255835711
90755,CA,Los Angeles County,713907.1963671269
95953,CA,Sutter County,393557.10056478874
94507,CA,Contra Costa County,2587084.8899331135
90040,CA,Los Angeles County,699448.4335656655
90402,CA,Los Angeles County,4825624.901019332
93505,CA,Kern County,274328.44880503527
94709,CA,Alameda County,1330376.3488128304
93109,CA,Santa Barbara County,2460911.2856479697
93647,CA,Tulare County,307890.27047074586
94065,CA,San Mateo County,1852543.420755322
90010,CA,Los Angeles County,975813.8160922432
92075,CA,San Diego County,2289801.82829877
93442,CA,San Luis Obispo County,957922.907530012
92314,CA,San Bernardino County,415951.8084037592
95814,CA,Sacramento County,549627.1983294373
95425,CA,Sonoma County,641287.3667315661
90212,CA,Los Angeles County,2451533.5068589374
94965,CA,Marin County,1546147.3905380368
94925,CA,Marin County,1860608.3803057931
91708,CA,San Bernardino County,720012.5013799593
93543,CA,Los Angeles County,468520.1404827973
95451,CA,Lake County,355746.1925962455
93614,CA,Madera County,421965.8872075911
95012,CA,Monterey County,688479.811778518
91024,CA,Los Angeles County,1441305.916276506
93730,CA,Fresno County,651591.2491224097
91978,CA,San Diego County,823088.8222038198
96019,CA,Shasta County,301964.08841487305
95954,CA,Butte County,273465.5440481776
93721,CA,Fresno County,201491.04828064772
95368,CA,Stanislaus County,492376.34697213926
94931,CA,Sonoma County,724951.2392647807
95119,CA,Santa Clara County,1446298.8974920225
92320,CA,Riverside County,570548.7958119746
92610,CA,Orange County,1274939.8067493427
92007,CA,San Diego County,2129306.2746335543
94571,CA,Solano County,460706.38364334893
95338,CA,Mariposa County,398504.6768893309
95064,CA,Santa Cruz County,669979.869054054
91935,CA,San Diego County,1026887.5177752416
92657,CA,Orange County,5709245.978997621
95322,CA,Merced County,421074.1224998644
95386,CA,Stanislaus County,431934.1329992691
93286,CA,Tulare County,333862.1357993335
95073,CA,Santa Cruz County,1345344.0156147713
93465,CA,San Luis Obispo County,989501.6430762884
93640,CA,Fresno County,332150.91173016577
93737,CA,Fresno County,522462.5332632698
95033,CA,Santa Clara County,1461063.9941602014
94505,CA,Contra Costa County,792796.3335622977
95694,CA,Yolo County,617289.2251197934
95713,CA,Placer County,504755.18078883225
92250,CA,Imperial County,350514.08544546686
95065,CA,Santa Cruz County,1363617.168510473
96097,CA,Siskiyou County,255630.00328636545
93701,CA,Fresno County,245480.8324859976
92252,CA,San Bernardino County,345559.12277303886
92241,CA,Riverside County,408197.5237995793
90094,CA,Los Angeles County,1370162.6219646356
95010,CA,Santa Cruz County,1251970.2138836712
94158,CA,San Francisco County,1298030.8435584782
93108,CA,Santa Barbara County,5117038.501130526
93926,CA,Monterey County,636640.1179178416
95327,CA,Tuolumne County,407791.0077768808
93219,CA,Tulare County,265031.3627780557
93620,CA,Merced County,365822.5907621731
90077,CA,Los Angeles County,3107221.896957423
90401,CA,Los Angeles County,1311963.221854532
95988,CA,Glenn County,315754.15221334127
95324,CA,Merced County,481936.37947404943
92359,CA,San Bernardino County,517122.14610122953
94572,CA,Contra Costa County,651296.8610303247
90211,CA,Los Angeles County,2234114.440343088
93546,CA,Mono County,819754.4351316917
90056,CA,Los Angeles County,1686475.2717932996
92067,CA,San Diego County,4792045.57609406
93646,CA,Fresno County,299787.60872380045
95726,CA,El Dorado County,400010.0253624942
95946,CA,Nevada County,521387.9735274766
93463,CA,Santa Barbara County,1419608.8808295454
93591,CA,Los Angeles County,386321.4328568665
95316,CA,Stanislaus County,555791.6696405847
95969,CA,Butte County,335437.8519182445
95006,CA,Santa Cruz County,726573.6554324636
92249,CA,Imperial County,415852.28769058106
93223,CA,Tulare County,292277.20745069487
92365,CA,San Bernardino County,233861.1362607764
94930,CA,Marin County,1248484.6906439497
92276,CA,Riverside County,382377.8108044205
95811,CA,Sacramento County,599541.3547448227
93625,CA,Fresno County,471622.31219643983
93449,CA,San Luis Obispo County,1117832.7992995076
92356,CA,San Bernardino County,258558.93135065152
95932,CA,Colusa County,373374.64765380113
92325,CA,San Bernardino County,363935.6692345496
91020,CA,Los Angeles County,1027983.480507262
94574,CA,Napa County,1684219.995940218
95018,CA,Santa Cruz County,842568.1125525353
90014,CA,Los Angeles County,541981.2563588558
93434,CA,Santa Barbara County,563674.2254922925
94515,CA,Napa County,1079843.895660577
95658,CA,Placer County,933482.9275805358
95139,CA,Santa Clara County,1368796.7152889862
96094,CA,Siskiyou County,307248.1652970237
94027,CA,San Mateo County,8314785.674277261
96067,CA,Siskiyou County,416101.22418398486
93510,CA,Los Angeles County,854372.0040957223
94710,CA,Alameda County,1003006.5147126904
92254,CA,Riverside County,337305.17553870234
93460,CA,Santa Barbara County,1884835.4675246105
90290,CA,Los Angeles County,1452358.2069538098
95987,CA,Colusa County,374788.20162809105
95220,CA,San Joaquin County,802291.0900026109
95642,CA,Amador County,436252.0375430907
95046,CA,Santa Clara County,1646016.3141971591
93615,CA,Tulare County,279622.92661486095
92121,CA,San Diego County,1114542.4215572851
93656,CA,Fresno County,342558.78369690414
93644,CA,Madera County,436049.5146091574
93445,CA,San Luis Obispo County,679810.4626829942
92233,CA,Imperial County,261500.00782145813
95005,CA,Santa Cruz County,919726.765767402
95683,CA,Sacramento County,710674.0190940356
95436,CA,Sonoma County,638899.6022411454
95971,CA,Plumas County,320109.2535054395
94939,CA,Marin County,2201589.0473871366
92861,CA,Orange County,2341225.4095449834
92624,CA,Orange County,1671467.5891755077
92590,CA,Riverside County,1489940.4660331218
93240,CA,Kern County,220116.1584751415
95019,CA,Santa Cruz County,765374.9648163506
93267,CA,Tulare County,320727.7705222357
95693,CA,Sacramento County,961619.4251351468
95666,CA,Amador County,342631.93076435925
92655,CA,Orange County,1052731.8640802733
94028,CA,San Mateo County,4338042.01335732
92342,CA,San Bernardino County,374220.5660119964
95222,CA,Calaveras County,449319.7847222565
93225,CA,Kern County,326923.4372261833
93609,CA,Fresno County,396796.9359584923
95626,CA,Sacramento County,513843.1500946215
96117,CA,Lassen County,287481.84381557634
93022,CA,Ventura County,897999.6201574818
92548,CA,Riverside County,566389.6752188936
95672,CA,El Dorado County,831162.6892286435
95202,CA,San Joaquin County,338931.0036023485
93924,CA,Monterey County,1473559.669032978
95470,CA,Mendocino County,557208.410188005
92210,CA,Riverside County,1455846.8752333429
93256,CA,Tulare County,269138.012470451
92003,CA,San Diego County,1029671.3053716456
93427,CA,Santa Barbara County,920473.81994576
93501,CA,Kern County,234534.0944097099
95722,CA,Placer County,674606.5756889941
92372,CA,San Bernardino County,463114.83347537665
93451,CA,Monterey County,623591.6596326187
95446,CA,Sonoma County,532830.383010971
95912,CA,Colusa County,417218.183254512
95467,CA,Lake County,369768.25258396793
95231,CA,San Joaquin County,528487.5862576164
95692,CA,Yuba County,455254.8648054883
93428,CA,San Luis Obispo County,1008754.4809224792
93234,CA,Fresno County,253476.0276853064
95709,CA,El Dorado County,509881.97510148416
95619,CA,El Dorado County,440379.50480886694
94005,CA,San Mateo County,1163815.1088726427
95457,CA,Lake County,380560.9176657836
95461,CA,Lake County,320302.71008053725
95631,CA,Placer County,501766.13110910595
92352,CA,San Bernardino County,606796.5020558472
95004,CA,San Benito County,974649.9706668692
95938,CA,Butte County,603294.1794689172
90058,CA,Los Angeles County,590746.0666382097
95236,CA,San Joaquin County,672517.2157117915
92315,CA,San Bernardino County,545529.7570676802
95249,CA,Calaveras County,346230.725212587
91906,CA,San Diego County,503301.051653754
95383,CA,Tuolumne County,403415.3985063584
92823,CA,Orange County,1297753.8631696403
95655,CA,Sacramento County,576021.4486148603
93272,CA,Tulare County,267344.7550013808
95228,CA,Calaveras County,523535.1179289443
95321,CA,Tuolumne County,397584.2078108335
93270,CA,Tulare County,390151.4597502385
95045,CA,San Benito County,914412.292247326
95614,CA,El Dorado County,529477.4085439224
92676,CA,Orange County,1069672.4674202132
95627,CA,Yolo County,475173.3996139411
93660,CA,Fresno County,296942.4781415469
95623,CA,El Dorado County,569442.3217818419
92539,CA,Riverside County,400324.964047881
92004,CA,Imperial County,354550.5457637178
93513,CA,Inyo County,424290.80378568993
95634,CA,El Dorado County,416617.0625694665
93235,CA,Tulare County,264786.34170872974
96013,CA,Shasta County,218322.92138277335
96101,CA,Modoc County,176739.18175728308
95669,CA,Amador County,567651.6963522132
93532,CA,Los Angeles County,426371.50045599305
92363,CA,San Bernardino County,190029.1591173076
90021,CA,Los Angeles County,877344.2686522087
90704,CA,Los Angeles County,930359.9467064628
96122,CA,Plumas County,262455.85871029255
95423,CA,Lake County,258971.60780658387
96064,CA,Siskiyou County,258363.24380419592
96088,CA,Shasta County,321830.6000722468
92285,CA,San Bernardino County,210525.35951411747
95633,CA,El Dorado County,486031.6721822392
92397,CA,San Bernardino County,430423.64010967856
96073,CA,Shasta County,570351.3128688325
95379,CA,Tuolumne County,347257.5985340732
95685,CA,Amador County,470639.1351793932
95247,CA,Calaveras County,500612.6617699158
95237,CA,San Joaquin County,525614.6044749321
93953,CA,Monterey County,2822109.8020531423
95665,CA,Amador County,403621.5204476184
95365,CA,Merced County,288217.4130034064
95113,CA,Santa Clara County,665264.2764377893
92256,CA,San Bernardino County,320595.9458279235
94304,CA,Santa Clara County,3310285.742276455
94037,CA,San Mateo County,1525533.358543614
93265,CA,Tulare County,426270.72851235606
93453,CA,San Luis Obispo County,752710.8596023867
95223,CA,Calaveras County,425339.60785963247
95684,CA,El Dorado County,460987.4382547322
92661,CA,Orange County,4628972.807371122
94111,CA,San Francisco County,1088104.8894306663
95542,CA,Humboldt County,348644.74521892815
94951,CA,Sonoma County,1288249.6789256977
94599,CA,Napa County,1366195.85624451
95562,CA,Humboldt County,306896.8518417131
96035,CA,Tehama County,267006.1485282515
92536,CA,Riverside County,567626.1332661492
93066,CA,Ventura County,1556384.150135597
96114,CA,Lassen County,312338.8090708977
94508,CA,Napa County,917622.5029002792
92036,CA,San Diego County,585031.4198815386
96032,CA,Siskiyou County,280979.20528117416
93461,CA,San Luis Obispo County,515110.6569360676
95551,CA,Humboldt County,443119.8412281675
94129,CA,San Francisco County,1590885.2302449662
93516,CA,Kern County,169161.1245078746
93553,CA,Los Angeles County,432702.69025507494
95536,CA,Humboldt County,502275.510919332
92382,CA,San Bernardino County,350091.0487858248
96143,CA,Placer County,777961.4215786272
95428,CA,Mendocino County,273171.4394491027
96137,CA,Plumas County,443373.20093198144
95333,CA,Merced County,350374.51664761035
95328,CA,Stanislaus County,432367.4381291649
95442,CA,Sonoma County,1223892.9399496766
93242,CA,Fresno County,384639.2218694882
94525,CA,Contra Costa County,667538.4370322207
95918,CA,Yuba County,563309.1119227442
93206,CA,Kern County,233304.7354971027
93523,CA,Kern County,216519.34948219665
93616,CA,Fresno County,383731.6138887477
94586,CA,Alameda County,1468760.03644172
93675,CA,Fresno County,391962.2926328191
96093,CA,Trinity County,296257.21844994574
95464,CA,Lake County,228834.1002258352
92662,CA,Orange County,4585065.047220229
94957,CA,Marin County,4125965.625440249
93430,CA,San Luis Obispo County,1343454.4978919972
93602,CA,Fresno County,399719.39223980834
93544,CA,Los Angeles County,420257.647527685
95638,CA,Sacramento County,806722.1412969368
95245,CA,Calaveras County,347693.74426420085
91962,CA,San Diego County,651119.2616287409
95570,CA,Humboldt County,590816.5961592147
95445,CA,Mendocino County,627173.5331186053
90067,CA,Los Angeles County,1601314.7632482678
96134,CA,Modoc County,156603.70259072116
93920,CA,Monterey County,1789741.2735224653
95917,CA,Butte County,344825.17316076625
95039,CA,Monterey County,1087305.519434543
93643,CA,Madera County,400591.9432278119
93252,CA,Kern County,182261.3790525787
92561,CA,Riverside County,578272.8851040566
94514,CA,Contra Costa County,848954.1208444327
96020,CA,Plumas County,346226.80791747087
93249,CA,Kern County,275384.84928229754
95246,CA,Calaveras County,342279.58783435455
92282,CA,Riverside County,395572.36848002457
95310,CA,Tuolumne County,394116.20552127174
96058,CA,Siskiyou County,120519.43640454632
95454,CA,Mendocino County,328743.7775930833
95460,CA,Mendocino County,941180.0200507598
93283,CA,Kern County,204880.487532608
95230,CA,Stanislaus County,710501.6356731112
95255,CA,Calaveras County,282263.2006686442
91917,CA,San Diego County,575480.4063509079
95663,CA,Placer County,949368.4023216072
95469,CA,Lake County,433975.5437119075
95458,CA,Lake County,239337.0780005752
96145,CA,Placer County,1243726.0028956693
96041,CA,Trinity County,162057.74254846448
95942,CA,Butte County,372805.4658760833
95549,CA,Humboldt County,561238.3316490608
91916,CA,San Diego County,678210.4378542899
93266,CA,Kings County,264923.9671816257
93562,CA,Kern County,68031.86181469365
95311,CA,Mariposa County,328620.1176124481
95452,CA,Sonoma County,1297427.8456811702
96055,CA,Tehama County,321822.0723205224
95982,CA,Sutter County,420010.7439377349
92391,CA,San Bernardino County,365540.099075316
93285,CA,Kern County,230238.4071449608
93527,CA,Inyo County,271204.75798393105
95524,CA,Humboldt County,598893.402245016
92061,CA,San Diego County,839856.5197585026
95485,CA,Lake County,320581.2459442905
93626,CA,Madera County,616806.1827293632
96047,CA,Shasta County,343628.10195603495
93243,CA,Kern County,379140.52472773864
95374,CA,Merced County,646802.8272915165
93271,CA,Tulare County,545719.1103586989
93651,CA,Fresno County,573722.6633784923
96028,CA,Shasta County,302298.4943709823
94937,CA,Marin County,1528633.8004116633
96025,CA,Siskiyou County,239066.59384778095
96096,CA,Shasta County,390530.1888108908
94511,CA,Contra Costa County,636835.7246415254
95560,CA,Humboldt County,282612.61460824724
96146,CA,Placer County,1020480.0013477243
95916,CA,Butte County,245765.99625004412
95329,CA,Stanislaus County,399504.10849228274
95465,CA,Sonoma County,1130956.0150056982
95567,CA,Del Norte County,430833.0211596449
93601,CA,Madera County,472620.5307612624
95303,CA,Merced County,794017.1904592849
95449,CA,Mendocino County,563124.856341455
96027,CA,Siskiyou County,275390.4951345587
95441,CA,Sonoma County,1116535.4461940678
95977,CA,Nevada County,451677.37874924
95612,CA,Yolo County,806342.4853889365
93650,CA,Fresno County,300961.0536525314
93653,CA,Madera County,468761.6686578924
96109,CA,Lassen County,183311.3914820827
95975,CA,Nevada County,522295.4296490533
95690,CA,Sacramento County,543163.0207585737
95369,CA,Merced County,478529.72145053634
94924,CA,Marin County,1914666.616436354
96051,CA,Shasta County,337522.84003709065
92086,CA,San Diego County,522673.9665228434
95615,CA,Sacramento County,589789.128718426
92322,CA,San Bernardino County,322784.9452691137
95689,CA,Amador County,396284.5093032249
93426,CA,Monterey County,652909.3958825002
96048,CA,Trinity County,249694.0418736872
95830,CA,Sacramento County,1026160.3407597248
93205,CA,Kern County,190015.14372906744
95258,CA,San Joaquin County,595649.5916338266
95641,CA,Sacramento County,409246.66312927473
95525,CA,Humboldt County,451465.41591701936
92401,CA,San Bernardino County,375181.8918179072
92230,CA,Riverside County,327276.60907152784
94060,CA,San Mateo County,1195651.030382234
95635,CA,El Dorado County,484301.7054934576
96118,CA,Sierra County,307321.73011003894
92549,CA,Riverside County,471990.8923692846
95528,CA,Humboldt County,358001.6199511503
95313,CA,Stanislaus County,744507.5034361538
92305,CA,San Bernardino County,304208.87644742493
95372,CA,Tuolumne County,392669.7473928975
95439,CA,Sonoma County,1010866.9293754183
91905,CA,San Diego County,460477.5136079002
95957,CA,Sutter County,420438.3905909707
95421,CA,Sonoma County,586334.4802069025
95645,CA,Yolo County,426914.40294308495
92242,CA,San Bernardino County,192468.19102468065
95462,CA,Sonoma County,549831.9943796741
95389,CA,Mariposa County,641606.8776604576
96103,CA,Plumas County,402718.04742199974
92059,CA,San Diego County,1084049.1082483276
94020,CA,San Mateo County,1000691.5842949146
96052,CA,Trinity County,280406.83668175124
93667,CA,Fresno County,433429.3112230532
95668,CA,Placer County,778077.9592481327
95323,CA,Stanislaus County,611340.7377224494
96148,CA,Placer County,859502.1415948019
94963,CA,Marin County,1327974.820237098
94923,CA,Sonoma County,1459152.6277121415
95664,CA,El Dorado County,667012.4778172009
96140,CA,Placer County,1121634.7322182534
94973,CA,Marin County,1121855.1044048036
92347,CA,San Bernardino County,148696.93954047488
95410,CA,Mendocino County,629351.5633396282
93239,CA,Fresno County,219403.0632610093
96142,CA,Placer County,898081.4345691797
95947,CA,Plumas County,244832.1955121502
95968,CA,Butte County,258929.7131412922
96023,CA,Siskiyou County,140156.59119635538
96044,CA,Siskiyou County,236179.76253791468
96069,CA,Shasta County,379156.42585012777
96024,CA,Trinity County,304629.711053093
93201,CA,Tulare County,214778.151929955
95017,CA,Santa Cruz County,979353.4960863226
93668,CA,Fresno County,288176.35080234153
95960,CA,Yuba County,353665.00854512915
95703,CA,Placer County,544855.8783067229
96039,CA,Siskiyou County,150181.17391684302
95563,CA,Trinity County,262970.4375310217
96034,CA,Siskiyou County,292907.35613056907
93518,CA,Kern County,307347.99433185597
96075,CA,Tehama County,164417.19226802108
91008,CA,Los Angeles County,1919133.5204694665
94528,CA,Contra Costa County,3149402.9285558723
96062,CA,Shasta County,546623.500939903
95979,CA,Colusa County,279450.0819976108
95629,CA,Amador County,473058.755108336
92321,CA,San Bernardino County,312195.4471984676
96065,CA,Shasta County,297671.3945336389
96091,CA,Trinity County,273660.6631864453
93541,CA,Mono County,504732.6784346104
94038,CA,San Mateo County,1473351.755722759
95547,CA,Humboldt County,522363.0632757328
93608,CA,Fresno County,229471.77253664672
95837,CA,Sacramento County,1005784.8311375394
96120,CA,Alpine County,532717.5983193954
95651,CA,El Dorado County,600755.0044412332
95254,CA,Calaveras County,562334.6308315742
95674,CA,Sutter County,644634.0118757795
93255,CA,Kern County,246019.96536580496
92341,CA,San Bernardino County,309064.6209324302
95659,CA,Sutter County,524733.3959498729
95345,CA,Mariposa County,371336.0400654262
96107,CA,Mono County,338111.10377286
96056,CA,Lassen County,300081.4056557465
95412,CA,Sonoma County,935131.6266338348
95951,CA,Glenn County,301705.2555982063
95450,CA,Sonoma County,857701.9306141817
93664,CA,Fresno County,613985.778373905
93238,CA,Kern County,333582.56408464967
93545,CA,Inyo County,384157.32081273146
96113,CA,Lassen County,125025.61558937289
94104,CA,San Francisco County,1111931.8827545955
94567,CA,Napa County,440745.7383223832
93634,CA,Fresno County,382585.15210694075
93517,CA,Mono County,413829.6124100909
94592,CA,Solano County,720682.8115405012
93531,CA,Kern County,628943.5214805095
93432,CA,San Luis Obispo County,976516.0481105446
96050,CA,Siskiyou County,218102.8713145776
95552,CA,Trinity County,243547.7415539497
95919,CA,Yuba County,309888.30242335895
96008,CA,Shasta County,436462.0255325294
92386,CA,San Bernardino County,301268.06891292543
93452,CA,San Luis Obispo County,597515.9868519888
95589,CA,Humboldt County,364288.7128107857
92091,CA,San Diego County,3313877.5901805866
92317,CA,San Bernardino County,385768.9235631549
93641,CA,Fresno County,304017.9809715485
94946,CA,Marin County,2090121.7201426767
92385,CA,San Bernardino County,494984.9485488139
91934,CA,San Diego County,356252.59314010106
95943,CA,Glenn County,698255.5684621612
92070,CA,San Diego County,762377.7616624268
95306,CA,Mariposa County,478389.8415497327
93925,CA,Monterey County,713897.2861610446
95935,CA,Yuba County,371825.1629463534
93440,CA,Santa Barbara County,925389.1907738236
94938,CA,Marin County,1071949.7958308572
95922,CA,Yuba County,357000.88807285554
91210,CA,Los Angeles County,1145741.027453428
93261,CA,Tulare County,258357.78008511369
95681,CA,Placer County,541051.1161041451
95573,CA,Humboldt County,318862.8912415256
96057,CA,Siskiyou County,291957.7626388443
93202,CA,Kings County,304963.36199382966
95140,CA,Santa Clara County,1889446.1939504384
95701,CA,Placer County,469358.469408555
95526,CA,Humboldt County,242944.9507328001
95346,CA,Tuolumne County,343599.1784764735
92368,CA,San Bernardino County,283273.6002309939
95715,CA,Placer County,363549.5103115828
95636,CA,El Dorado County,330184.8521857068
92066,CA,San Diego County,491635.370763587
95983,CA,Plumas County,265032.9351838836
96106,CA,Plumas County,615789.3598975665
96038,CA,Siskiyou County,234093.39441863305
96121,CA,Plumas County,293573.3504010296
92358,CA,San Bernardino County,407927.4994791071
94970,CA,Marin County,3402716.889530508
95962,CA,Yuba County,428505.19849996926
95914,CA,Butte County,396066.38148258394
95981,CA,Plumas County,280098.2673950127
94569,CA,Contra Costa County,658292.1412806599
95607,CA,Yolo County,731909.0499437046
96129,CA,Plumas County,369515.228062892
95232,CA,Calaveras County,316586.91497412976
96104,CA,Modoc County,223683.08564982493
91759,CA,San Bernardino County,363917.1038444528
95456,CA,Mendocino County,770174.9784007365
91963,CA,San Diego County,513900.0557897589
93604,CA,Madera County,625351.1714991238
92333,CA,San Bernardino County,407589.38816745207
95233,CA,Calaveras County,367573.131093773
95937,CA,Yolo County,456226.9315400067
95459,CA,Mendocino County,658772.9116893568
95527,CA,Trinity County,272919.229091795
96006,CA,Lassen County,193873.45620597497
93254,CA,Santa Barbara County,285631.6271341564
95257,CA,Calaveras County,276365.0393059206
94956,CA,Marin County,1548784.6801444653
93669,CA,Madera County,364419.3808617616
96124,CA,Sierra County,381159.71331388527
95335,CA,Tuolumne County,317577.8920197271
96059,CA,Tehama County,330484.77978641976
94940,CA,Marin County,1530377.5897762692
92339,CA,San Bernardino County,347697.2183295594
94933,CA,Marin County,888030.6565109488
96071,CA,Shasta County,269105.4710165769
96086,CA,Siskiyou County,218173.9715821134
95728,CA,Placer County,758919.6140396352
95443,CA,Lake County,279025.6588109279
93218,CA,Tulare County,273584.9494815041
95714,CA,Placer County,417818.9100310095
96141,CA,Placer County,1294450.6413089046
95444,CA,Sonoma County,822292.6254891786
95637,CA,Yolo County,647862.2830275529
95923,CA,Plumas County,343238.12068387144
96126,CA,Sierra County,499121.5846201023
96125,CA,Sierra County,342799.09901696985
95934,CA,Plumas County,202573.8591133356
96105,CA,Sierra County,330531.80443996197
93441,CA,Santa Barbara County,1776992.6113706983
96009,CA,Lassen County,205638.8014133571
92060,CA,San Diego County,486989.4971266375
96054,CA,Modoc County,225711.9381816312
93526,CA,Inyo County,311148.0477884973
92398,CA,San Bernardino County,168819.30159023855
95978,CA,Butte County,135589.32056210912
96128,CA,Lassen County,293781.39480194944
93244,CA,Tulare County,410130.90286309767
92378,CA,San Bernardino County,336887.6130853597
95936,CA,Sierra County,315190.2083507429
92268,CA,San Bernardino County,541565.8610306355
93529,CA,Mono County,701336.2219533898
95930,CA,Butte County,263654.1305042552
96016,CA,Shasta County,312461.33158869157
93623,CA,Mariposa County,471191.600055235
95970,CA,Glenn County,359500.0081028754
95002,CA,Santa Clara County,1260655.0823128251
95686,CA,San Joaquin County,563622.6600640869
93424,CA,San Luis Obispo County,1392460.503348343
94971,CA,Marin County,1107943.2102798556
95720,CA,El Dorado County,319394.093196638
93665,CA,Merced County,281997.3777063478
93067,CA,Santa Barbara County,2643548.867043855
95735,CA,El Dorado County,322683.3724143359
95319,CA,Stanislaus County,358431.9225621007
95956,CA,Plumas County,279538.7274294551
96084,CA,Shasta County,306653.1875006294
95007,CA,Santa Cruz County,763537.3002684623
94018,CA,San Mateo County,1512580.4138750874
95426,CA,Lake County,283957.5255970871
95497,CA,Sonoma County,1427589.2519685086
95675,CA,Amador County,229140.37874119735
95601,CA,Amador County,482723.17190005025
93932,CA,Monterey County,827127.362261603
94929,CA,Marin County,1418420.4249522209
90742,CA,Orange County,2148707.8442176576
92258,CA,Riverside County,270967.3074659433
93227,CA,Tulare County,296735.34291498247
95433,CA,Sonoma County,741006.8292874941
95553,CA,Humboldt County,362897.36537053593
95248,CA,Calaveras County,316359.99849606614
95941,CA,Butte County,249448.51932688415
95224,CA,Calaveras County,396496.71470803465
95955,CA,Colusa County,297056.1981039837
93040,CA,Ventura County,580445.5794502742
95424,CA,Lake County,271612.30560858484
95227,CA,San Joaquin County,961602.3978058076
96087,CA,Shasta County,341722.43261917535
95225,CA,Calaveras County,556376.9382741882
95041,CA,Santa Cruz County,806650.3010704112
95375,CA,Tuolumne County,414978.34944863553
95653,CA,Yolo County,372721.9323517561
93962,CA,Monterey County,859461.1477562855
95419,CA,Sonoma County,460295.7570969917
96037,CA,Siskiyou County,289013.81531631015
93222,CA,Kern County,379443.416690206
95697,CA,Yolo County,493680.6856952544
